
[
    
    {
        "id" : 1,
        "beer_name" : "Lager",
        "beer_card" : "Lager_Card",
        "tags_taste" : ["Medium Alcoholic_Medium Carbonated_Slightly Hoppy_Medium Bitter_Medium Dry_Light Body_"],
        "tags_food" : ["Red Meats_Beef_Au Gratin_", "Red Meats_Veal_Grilled_", "Red Meats_Mutton_Grilled_", "Red Meats_Lamb_Grilled_","White Meats_Chicken_Au Gratin_", "White Meats_Chicken_Grilled_", "White Meats_Rabbit_Grilled_", "White Meats_Turkey_Grilled_", "White Meats_Duck_Grilled_", "Fish_Sea Bass_Fried_", "Fish_Cod Fish_Fried_", "Cured Meats_Fatty_", "Cured Meats_Light_", "Cured Meats_Seasoned_", "Fish_Cod Fish_Grilled_", "Cheese_Soft Paste_", "Eggs_Omelette_", "Vegetables_Potatoes_Streamed_", "Vegetables_Potatoes_Fried_","Vegetables_Potatoes_Grilled_", "Vegetables_Potatoes_Stewed_", "Vegetables_Potatoes_Stir-fried_", "Vegetables_Zuchini_Stir-fried_", "Vegetables_Green Leaves_Raw_","Vegetables_Eggplant_Stir-fried_", "Vegetables_Bell Peppers_Raw_", "Vegetables_Bell Peppers_Stir-fried","Vegetables_Tomatoes_Raw_","Pizza_Margherita_", "Pizza_Capricciosa_"]
        
        },

    {
        "id" : 2,
        "beer_name" : "Pilsner",
        "beer_card" : "Pilsner_Card",
        "tags_taste" : ["Medium Alcoholic_Medium Carbonated_Slightly Hoppy_Medium Bitter_Slightly Dry_Light Body_"],
        "tags_food" : ["White Meats_Chicken_Stewed_", "White Meats_Rabbit_Stewed_", "White Meats_Turkey_Stewed_", "White Meats_Duck_Stewed_", "Fish_Sea Bass_Fried_", "Fish_Cod Fish_Fried_", "Fish_Anchovy_Fried_", "Fish_Tuna_Grilled_", "Fish_Salmon_Raw_", "Shellfish_Prawns_Grilled_", "Shellfish_Lobsters_Stewed_", "Eggs_Omelette_", "Shellfish_Lobsters_Stir-fried_", "Shellfish_Lobsters_Grilled_", "Risotto_With Vegetables_", "Vegetables_Zuchini_Stir-fried_", "Vegetables_Potatoes_Stir-fried_", "Pizza_Capricciosa_", "Pizza_With Vegetables_"]
        
        },
    
    {
        "id" : 3,
        "beer_name" : "Bock",
        "beer_card" : "Bock_Card",
        "tags_taste" : ["Medium Alcoholic_Medium Carbonated_Slightly Hoppy_Slightly Bitter_Slightly Dry_Medium Body_"],
        "tags_food" : ["Red Meats_Pork_Grilled_", "Red Meats_Pork_Stewed_", "Red Meats_Beef_Grilled_", "White Meats_Chicken_Stewed_", "White Meats_Rabbit_Stewed_", "White Meats_Turkey_Stewed_", "White Meats_Duck_Stewed_", "Cured Meat_Seasoned_", "Cheese_Soft Paste_", "Risotto_With Cheese_", "Risotto_With Porcini_", "Risotto_With Meat_", "Pizza_Stuffed with Ricotta_", "Pizza_With Cheese_"]
        
        },
    
    {
        "id" : 4,
        "beer_name" : "Pale Ale",
        "beer_card" : "PaleAle_Card",
        "tags_taste": ["Medium Alcoholic_Medium Carbonated_Medium Hoppy_Medium Bitter_Slightly Dry_Light Body_"],
        "tags_food" : ["Red Meats_Pork_Grilled", "Red Meats_Beef_Raw", "Red Meats_Mutton_Stewed", "Fish_Sea Bass_Grilled", "Fish_Sea Bream_Fried", "Fish_Sea Bream_Grilled", "Cheese_Aged_", "Cheese_Gorgonzola_", "Cheese_Hard Marbled_", "Cured Meats_Fatty_", "Cured Meats_Light_", "Cured Meats_Seasoned_", "Eggs_Deviled_", "Eggs_Omelette_", "Shellfish_Mussels_Stewed_", "Shellfish_Octopus_Grilled_","Shellfish_Squid_Grilled_", "Shellfish_Mussels_Au Gratin_", "Shellfish_Oysters_Au Gratin_", "Vegetables__Raw_", "Vegetables_Bell Peppers_Stir-fried_", "Vegetables_Eggplant_Au Gratin_", "Risotto_With Leeks_", "Pizza_With Cheese_", "Pizza_Margherita_", "Pizza_Origano and Garlic_", "Risotto_With Vegetables_"]
        
        },
    
    {
        "id" : 5,
        "beer_name" : "Belgian Ale",
        "beer_card" : "BelgianAle_Card",
        "tags_taste" : ["Medium Alcoholic_Medium Carbonated_Slightly Hoppy_Slightly Bitter_Slightly Dry_Medium Body_"],
        "tags_food" : ["Red Meats_Venison_Stewed", "Red Meats_Lamb_Grilled_", "White Meats_Chicken_Grilled_", "Fish_Cod Fish_Fried_", "Pizza_With Meat_", "Cheese_Soft Paste_", "Cured Meats_Seasoned_", "Cheese_Aged_", "Eggs_Quiche_", "Risotto_With Meat_", "Risotto_With Cheese_", "Desserts_Pies_", "Desserts_Cooked Fruits_"]
        
        },
    
    {
        "id" : 6,
        "beer_name" : "IPA",
        "beer_card" : "IPA_Card",
        "tags_taste" : ["Medium Alcoholic_Medium Carbonated_Highly Hoppy_Highly Bitter_Medium Dry_Medium Body_"],
        "tags_food" : ["Red Meats_Pork_Grilled_", "White Meats_Chicken_Fried_", "Cheese_Soft Paste_", "Fish_Salmon_Fried_", "Fish_Salmon_Grilled_", "Fish_Salmon_Stir-fried_", "Fish_Cod Fish_Fried_", "Cheese_Gorgonzola_", "Cured Meats_Fatty_", "Eggs_Deviled_", "Vegetables_Zuchini_Grilled_", "Vegetables_Eggplant_Stir-fried_", "Shellfish_Crab_Grilled_", "Eggs_Omelette_", "Vegetables_Zuchini_Fried_", "Vegetables_Eggplant_Fried_", "Risotto_With Cheese_",  "Pizza_Stuffed with Ricotta_", "Pizza_With Cheese_"]
        
        },
    
    {
        "id" : 7,
        "beer_name" : "Lambic",
        "beer_card" : "Lambic_Card",
        "tags_taste" : ["Medium Alcoholic_Highly Carbonated_Slightly Hoppy_Slightly Bitter_Highly Dry_Light Body_"],
        "tags_food" : ["Red Meats_Pork_Grilled", "Cheese_Gorgonzola_", "White Meats_Duck_Stewed", "Fish_Salmon_Fried_", "Cheese_Goat or Sheep_", "Cured Meats_Fatty_", "Shellfish_Mussels_Streamed_", "Shellfish_Mussels_Raw_", "Shellfish_Oysters_Raw_", "Shellfish_Oysters_Au Gratin_"]
        
        },
    
    {
        "id" : 8,
        "beer_name" : "Bitter",
        "beer_card" : "Bitter_Card",
        "tags_taste" : ["Medium Alcoholic_Slightly Carbonated_Slightly Hoppy_Highly Bitter_Slightly Dry_Medium Body_"],
        "tags_food" : ["Red Meats_Lamb_Stewed_", "Red Meats_Venison_Stewed_", "Red Meats_Beef_Stir-fried_", "Eggs_Quiche_", "Eggs_Hard-Boiled_", "Eggs_Deviled_", "White Meats_Chicken_Grilled_", "White Meats_Duck_Grilled_", "White Meats_Rabbit_Grilled_", "White Meats_Turkey_Grilled_", "Fish_Anchovy_Fried_", "Fish_Sword Fish_Grilled_", "Cheese_Soft Paste_", "Risotto_With Cheese_"]
        
        },
    {
        "id" : 9,
        "beer_name" : "Strong Ale",
        "beer_card" : "StrongAle_Card",
        "tags_taste" : ["Highly Alcoholic_Medium Carbonated_Medium Hoppy_Medium Bitter_Slightly Dry_Medium Body_"],
        "tags_food" : ["Red Meats_Mutton_Stewed_", "Red Meats_Venison_Stewed_", "Cheese_Gorgonzola_", "Red Meats_Beef_Grilled_", "Red Meats_Pork_Grilled_", "Red Meats_Pork_Stir-fried_", "White Meats_Duck_Stewed_", "White Meats_Turkey_Stewed_", "Cheese_Aged_", "Vegetables_Potatoes_Grilled_", "Fish_Salmon_Au Gratin_"]
        
        },
    
    {
        "id" : 10,
        "beer_name" : "Brown Ale",
        "beer_card" : "BrownAle_Card",
        "tags_taste" : ["Medium Alcoholic_Medium Carbonated_Medium Hoppy_Medium Bitter_Slightly Dry_Medium Body_"],
        "tags_food" : ["Red Meats_Pork_Grilled_", "Red Meat_Beef_Grilled_", "Red Meats_Venison_Stewed_", "Eggs_Quiche_", "Cheese_Soft Paste_", "Risotto_With Meat_", "Pizza_With Meat_", "Pizza_With Cheese_", "Desserts_Chocolate Bars_", "Desserts_Cinnamon Rolls_"]
        
        },

    {
        "id" : 11,
        "beer_name" : "Barley Wine",
        "beer_card" : "BarleyWine_Card",
        "tags_taste" : ["Highly Alcoholic_Medium Carbonated_Medium Hoppy_Medium Bitter_Slightly Dry_Full Body_"],
        "tags_food" : ["Desserts_Chocolate Bars_", "Desserts_Sweet Pastries_", "Desserts_Cheesecake_", "Desserts_Tiramisù_", "Desserts_Cooked Fruits_", "Desserts_Dried Fruits_"]
        
        },

    {
        "id" : 12,
        "beer_name" : "Porter",
        "beer_card" : "Porter_Card",
        "tags_taste" : ["Medium Alcoholic_Medium Carbonated_Slightly Hoppy_Medium Bitter_Slightly Dry_Medium Body_"],
        "tags_food" : ["Red Meats_Beef_Stewed_","Red Meats_Pork_Stewed_", "Red Meats_Lamb_Stewed_", "Red Meats_Mutton_Stewed_", "Red Meats_Beef_Grilled_", "Red Meats_Pork_Grilled_", "Cheese_Gorgonzola_", "Red Meats_Mutton_Grilled_", "White Meats_Chicken_Stewed_", "White Meats_Turkey_Grilled_", "Cheese_Hard Marbled_", "Desserts_Tiramisù_", "Desserts_Cheesecake_"]
        
        },
    
    {
        "id" : 13,
        "beer_name" : "Stout",
        "beer_card" : "Stout_Card",
        "tags_taste" : ["Medium Alcoholic_Medium Carbonated_Slightly Hoppy_Medium Bitter_Slightly Dry_Medium Body_"],
        "tags_food" : ["RedMeats_Beef_Stewed_", "Red Meats_Beef_Grilled_", "Fish_Cod Fish_Fried_", "Fish_Sea Bass_Fried_", "Fish_Sea Bream_Fried_", "White Meats_Chicken_Au Gratin_", "White Meats__Grilled_", "Cheese_Hard Marbled_", "Cheese_Aged_", "Cheese_Gorgonzola_", "Cured Meats_Light_", "Cured Meats_Fatty_", "Cured Meats_Seasoned_", "Shellfish_Moussels_Stewed_", "Shellfish_Moussels_Streamed_", "Shellfish_Crabs_Streamed_", "Shellfish_Lobsters_Streamed_", "Shellfish_Prawns_Streamed_", "Shellfish_Oysters_Raw_",  "Desserts_Tiramisù_", "Desserts_Cheesecake_", "Desserts_Chocolate Bars_"]
        
        },
    
    {
        "id" : 14,
        "beer_name" : "Saison",
        "beer_card" : "Saison_Card",
        "tags_taste" : ["Medium Alcoholic_Medium Carbonated_Medium Hoppy_Medium Bitter_Medium Dry_Light Body_"],
        "tags_food" : ["White Meats_Chicken_Stewed_", "Red Meats_Beef_Raw_", "Cheese_Gorgonzola_", "Fish_Salmon_Fried_", "Fish_Sword Fish_Au Gratin_", "Fish_Anchovy_Au Gratin_", "Cheese_Aged_", "Cured Meats_Seasoned_", "Cured Meats_Fatty_", "Vegetables_Green Leaves_Raw_", "Risotto_With Leeks_", "Risotto_With Saffron_", "Risotto_With Vegetables_"]
        
        },
    
    {
        "id" : 15,
        "beer_name" : "Weisse",
        "beer_card" : "Weisse_Card",
        "tags_taste" : ["Medium Alcoholic_Medium Carbonated_Slightly Hoppy_Slightly Bitter_Slightly Dry_Full Body_"],
        "tags_food" : ["Red Meats_Beef_Au Gratin_", "Red Meats_Pork_Au Gratin_", "Red Meats_Veal_Au Gratin_", "White Meats_Chicken_Au Gratin_", "Red Meats_Beef_Streamed_", "Red Meats_Mutton_Stewed_", "Eggs_Omelette_", "Eggs_Quiche_", "Vegetables_Potatoes_Fried_", "Cured Meats_Fatty_", "Cured Meats_Light_", "Cured Meats_Seasoned_","Fish_Anchovy_Fried_", "Fish_Anchovy_Au Gratin_", "Eggs_Hard-Boiled_", "Cheese_Soft Paste_"]
        
        },
    
    {
        "id" : 16,
        "beer_name" : "Blanche",
        "beer_card" : "Blanche_Card",
        "tags_taste" : ["Slightly Alcoholic_Medium Carbonated_Slightly Hoppy_Slightly Bitter_Slightly Dry_Light Body_"],
        "tags_food" : ["White Meats_Beef_Grilled_", "White Meats_Chicken_Stewed_", "Eggs_Hard-Boiled_", "Red Meats_Pork_Grilled_", "Cured Meats_Light_", "Fish_Salmon_Raw_", "Fish_Tuna_Raw_", "Fish_Salmon_Streamed_", "Risotto_With Saffron_", "Vegetables_Eggplant_Au Gratin_", "Vegetables_Zuchini_Au Gratin_", "Vegetables_Zuchini_Raw_", "Vegetables_Tomatoes_Raw_", "Pizza_Origano and Garlic_", "Fish_Sword Fish_Grilled_", "Fish_Sea Bass_Grilled_", "Fish_Sea Bream_Grilled_", "Fish_Tuna_Grilled_", "Shellfish_Prawns_Grilled_", "Shellfish_Squid_Grilled_", "Shellfish_Octopus_Grilled_", "Shellfish_Crabs_Grilled_", "Shellfish_Oysters_Raw_", "Shellfish_Oysters_Au Gratin_"]
        
        },
    
    {
        "id" : 17,
        "beer_name" : "Fruit Beer",
        "beer_card" : "FruitBeer_Card",
        "tags_taste" : ["Medium Alcoholic_Medium Carbonated_Slightly Hoppy_Slightly Bitter_Medium Dry_Light Body_"],
        "tags_food" : ["Desserts_Fruits Salads_", "Desserts_Pies_", "Desserts_Chocolate Bars_", "Desserts_Dried Fruits_"]
        
        }
]
